baseline,baseline_context_length,baseline_mae,baseline_mase,baseline_mode,baseline_season_length,context_length,dataset,domain,empirical_coverage_90,excess_variance,failure_delta_005,flatness_score,forecast_variance_ratio,full_context_length,horizon,mae,mase,model,origin,over_smoothing,prediction_amplitude_ratio,regime,relative_error_ratio,rmse,run_id,series_id,spike_recall,window_index
auto_ets,182,119.97373650667669,0.6748578176676322,auto_ets,1,182,covid_deaths/D/short,Healthcare,0.6333333333333333,1,1,0.0,12.479781360380164,182,30,143.58746744791668,0.8076861465503373,moirai_1_1_large,182,0,3.165577423877734,medium_snr_persistent,1.1968241685956382,170.06351227953152,moirai_1_1_large_scaling_covid_deaths_d_short_auto_ets_oral_sidecar_rerun_1783618786,T1,0.0,0
auto_ets,182,23.571151035411745,1.5117362689377027,auto_ets,1,182,covid_deaths/D/short,Healthcare,0.9666666666666667,1,1,0.0,30.27213621086893,182,30,30.9749937693278,1.986581878876592,moirai_1_1_large,182,0,1.4845689999851523,medium_snr_persistent,1.3141061173801694,37.356683908796086,moirai_1_1_large_scaling_covid_deaths_d_short_auto_ets_oral_sidecar_rerun_1783618786,T2,0.0,0
auto_ets,182,9.023695024118023,0.04718921226401749,auto_ets,1,182,covid_deaths/D/short,Healthcare,0.8666666666666667,1,1,0.1684409586589346,7.616290877092016,182,30,28.377077229817708,0.14839729370853466,moirai_1_1_large,182,0,0.8315590413410654,medium_snr_persistent,3.1447291995097255,33.47149179441589,moirai_1_1_large_scaling_covid_deaths_d_short_auto_ets_oral_sidecar_rerun_1783618786,T3,0.0,0
auto_ets,182,0.2999868891399698,0.02922949176235318,auto_ets,1,182,covid_deaths/D/short,Healthcare,0.6666666666666666,1,1,0.0,0.255283117466204,182,30,0.3576026916503906,0.034843339186444916,moirai_1_1_large,182,0,2.09338951104769,medium_snr_persistent,1.192061068650057,0.4627550146188052,moirai_1_1_large_scaling_covid_deaths_d_short_auto_ets_oral_sidecar_rerun_1783618786,T4,0.0,0
auto_ets,182,24.364544754281447,6.26634653578651,auto_ets,1,182,covid_deaths/D/short,Healthcare,0.0,0,1,0.3179565906527956,1.217572787344743,182,30,26.608544858296714,6.843483618375736,moirai_1_1_large,182,0,0.6820434093472044,medium_snr_persistent,1.092101047922098,30.74670907215541,moirai_1_1_large_scaling_covid_deaths_d_short_auto_ets_oral_sidecar_rerun_1783618786,T5,0.0,0
auto_ets,182,0.0,0.0,auto_ets,1,182,covid_deaths/D/short,Healthcare,0.8666666666666667,1,1,0.0,9397713.51267691,182,30,0.008683415253957112,0.01466532353999169,moirai_1_1_large,182,0,2643112478.5850787,medium_snr_persistent,8683415253.957113,0.009015070569698955,moirai_1_1_large_scaling_covid_deaths_d_short_auto_ets_oral_sidecar_rerun_1783618786,T6,0.0,0
auto_ets,182,657.3462976743956,2.023382216773816,auto_ets,1,182,covid_deaths/D/short,Healthcare,0.16666666666666666,1,1,0.3561005081405939,3.060755185186058,182,30,1142.3941202799479,3.516411297514257,moirai_1_1_large,182,0,0.6438994918594061,medium_snr_persistent,1.7378878139598346,1384.1958969134755,moirai_1_1_large_scaling_covid_deaths_d_short_auto_ets_oral_sidecar_rerun_1783618786,T7,0.0,0
auto_ets,182,64.84442189770729,0.6455984887961886,auto_ets,1,182,covid_deaths/D/short,Healthcare,0.7,0,0,0.0,19.873114290932964,182,30,54.58333028157552,0.5434378858190474,moirai_1_1_large,182,0,2.3864734504791905,medium_snr_persistent,0.8417582990820771,68.37321762956812,moirai_1_1_large_scaling_covid_deaths_d_short_auto_ets_oral_sidecar_rerun_1783618786,T8,0.0,0
